"C:\gti\cadviewer-testapp-dotnet-01\cadviewer\\content\drawings\dwg\Asbestos_drawing_01.dwg",Conversion to SVG,0.476,9940 Kb
"C:\gti\cadviewer-testapp-dotnet-01\cadviewer\\content\drawings\dwg\Asbestos_drawing_01.dwg",Conversion to SVG,0.446,9076 Kb
"C:\gti\cadviewer-testapp-dotnet-01\cadviewer\\content\drawings\dwg\Asbestos_drawing_01.dwg",Conversion to SVG,0.475,8836 Kb
"C:\gti\cadviewer-testapp-dotnet-01\cadviewer\\content\drawings\dwg\Asbestos_drawing_01.dwg",Output To PDF,0.675,8348 Kb
"C:\gti\cadviewer-testapp-dotnet-01\cadviewer\\content\drawings\dwg\Asbestos_drawing_01.dwg",Conversion to SVG,0.661,8696 Kb
"C:\gti\cadviewer-testapp-dotnet-01\cadviewer\\content\drawings\dwg\Asbestos_drawing_01.dwg",Conversion to SVG,0.373,8520 Kb
"C:\gti\cadviewer-testapp-dotnet-01\cadviewer\\content\drawings\dwg\Asbestos_drawing_01.dwg",Conversion to SVG,0.73,9448 Kb
"C:\gti\cadviewer-testapp-dotnet-01\cadviewer\\content\drawings\dwg\Asbestos_drawing_01.dwg",Conversion to SVG,0.358,9336 Kb
"C:\gti\cadviewer-testapp-dotnet-01\cadviewer\\content\drawings\dwg\Asbestos_drawing_01.dwg",Conversion to SVG,0.374,8996 Kb
"C:\gti\cadviewer-testapp-dotnet-01\cadviewer\\content\drawings\dwg\Asbestos_drawing_01.dwg",Conversion to SVG,1.913,9632 Kb
"C:\gti\cadviewer-testapp-dotnet-01\cadviewer\\content\drawings\dwg\Asbestos_drawing_01.dwg",Conversion to SVG,0.524,8992 Kb
"C:\gti\cadviewer-testapp-dotnet-01\cadviewer\\content\drawings\dwg\Asbestos_drawing_01.dwg",Conversion to SVG,0.644,9524 Kb
"C:\gti\cadviewer-testapp-dotnet-01\cadviewer\\content\drawings\dwg\Asbestos_drawing_01.dwg",Conversion to SVG,0.642,9112 Kb
"C:\gti\cadviewer-testapp-dotnet-01\cadviewer\\content\drawings\dwg\Asbestos_drawing_01.dwg",Conversion to SVG,0.421,9148 Kb
"C:\gti\cadviewer-testapp-dotnet-01\cadviewer\\content\drawings\dwg\Asbestos_drawing_01.dwg",Conversion to SVG,0.405,9648 Kb
"C:\gti\cadviewer-testapp-dotnet-01\cadviewer\content\drawings\dwg\AL038_67a-v2.svgz",Conversion to SVG,0.042,4276 Kb
"C:\gti\cadviewer-testapp-dotnet-01\cadviewer\\content\drawings\dwg\Asbestos_drawing_01.dwg",Conversion to SVG,0.406,9104 Kb
"C:\gti\cadviewer-testapp-dotnet-01\cadviewer\content\drawings\dwg\measure_template.dwg",Conversion to SVG,0.18,5420 Kb
"C:\gti\cadviewer-testapp-dotnet-01\cadviewer\\content\drawings\dwg\Asbestos_drawing_01.dwg",Conversion to SVG,0.362,8916 Kb
"C:\git\cadviewer-testapp-dotnet-01\cadviewer\\content\drawings\dwg\measure_template.dwg",Conversion to SVG,0.605,19524 Kb
"C:\git\cadviewer-testapp-dotnet-01\cadviewer\\content\drawings\dwg\hq17_.dwg",Conversion to SVG,0.887,14932 Kb
"C:\git\cadviewer-testapp-dotnet-01\cadviewer\\content\drawings\dwg\hq17_.dwg",Conversion to SVG,0.547,13292 Kb
"C:\git\cadviewer-testapp-dotnet-01\cadviewer\\content\drawings\dwg\hq17_.dwg",Conversion to SVG,0.362,13184 Kb
"C:\git\cadviewer-testapp-dotnet-01\cadviewer\\content\drawings\dwg\0004723_CORPO_C_P01.dwg",Conversion to SVG,8.264,29624 Kb
"C:\git\cadviewer-testapp-dotnet-01\cadviewer\\content\drawings\dwg\0004723_CORPO_C_P01.dwg",Conversion to SVG,11.571,30256 Kb
"C:\git\cadviewer-testapp-dotnet-01\cadviewer\\content\drawings\dwg\0004723_CORPO_C_P01.dwg",Conversion to SVG,11.381,34840 Kb
"C:\git\cadviewer-testapp-dotnet-01\cadviewer\\content\drawings\dwg\0004723_CORPO_C_P01.dwg",Conversion to SVG,18.392,35156 Kb
"C:\git\cadviewer-testapp-dotnet-01\cadviewer\\content\drawings\dwg\0004723_CORPO_C_P01.dwg",Conversion to SVG,12.006,30352 Kb
"C:\git\cadviewer-testapp-dotnet-01\cadviewer\\content\drawings\dwg\0004723_CORPO_C_P01.dwg",Conversion to SVG,12.05,30260 Kb
"C:\git\cadviewer-testapp-dotnet-01\cadviewer\\content\drawings\dwg\0004723_CORPO_C_P01.dwg",Conversion to SVG,12.202,31848 Kb
"C:\git\cadviewer-testapp-dotnet-01\cadviewer\\content\drawings\dwg\0004723_CORPO_C_P01.dwg",Conversion to SVG,11.322,33676 Kb
"C:\git\cadviewer-testapp-dotnet-01\cadviewer\\content\drawings\dwg\0004723_CORPO_C_P01.dwg",Conversion to SVG,11.619,34076 Kb
"C:\git\cadviewer-testapp-dotnet-01\cadviewer\\content\drawings\dwg\0004723_CORPO_C_P01.dwg",Conversion to SVG,11.973,34624 Kb
"C:\git\cadviewer-testapp-dotnet-01\cadviewer\\content\drawings\dwg\0004723_CORPO_C_P01.dwg",Conversion to SVG,11.63,31052 Kb
"C:\git\cadviewer-testapp-dotnet-01\cadviewer\\content\drawings\dwg\0004723_CORPO_C_P01.dwg",Conversion to SVG,12.357,30284 Kb
"C:\git\cadviewer-testapp-dotnet-01\cadviewer\\content\drawings\dwg\0004723_CORPO_C_P01.dwg",Conversion to SVG,14.592,34900 Kb
"C:\git\cadviewer-testapp-dotnet-01\cadviewer\\content\drawings\dwg\0004723_CORPO_C_P01.dwg",Conversion to SVG,11.875,30884 Kb
"C:\git\cadviewer-testapp-dotnet-01\cadviewer\\content\drawings\dwg\0004723_CORPO_C_P01.dwg",Conversion to SVG,11.436,30396 Kb
"C:\git\cadviewer-testapp-dotnet-01\cadviewer\\content\drawings\dwg\0004723_CORPO_C_P01.dwg",Conversion to SVG,11.55,31056 Kb
"C:\git\cadviewer-testapp-dotnet-01\cadviewer\\content\drawings\dwg\0004723_CORPO_C_P01.dwg",Conversion to SVG,8.828,34640 Kb
"C:\git\cadviewer-testapp-dotnet-01\cadviewer\\content\drawings\dwg\0004723_CORPO_C_P01.dwg",Conversion to SVG,8.571,34344 Kb
"C:\git\cadviewer-testapp-dotnet-01\cadviewer\\content\drawings\dwg\0004723_CORPO_C_P01.dwg",Conversion to SVG,5.776,31372 Kb
"C:\git\cadviewer-testapp-dotnet-01\cadviewer\\content\drawings\dwg\0004723_CORPO_C_P01.dwg",Conversion to SVG,8.629,30248 Kb
"C:\git\cadviewer-testapp-dotnet-01\cadviewer\\content\drawings\dwg\03_00044_0004724_PS1.dwg",Conversion to SVG,21.628,50876 Kb
"C:\git\cadviewer-testapp-dotnet-01\cadviewer\\content\drawings\dwg\03_00044_0004724_PS1.dwg",Conversion to SVG,9.764,31936 Kb
"C:\git\cadviewer-testapp-dotnet-01\cadviewer\\content\drawings\dwg\03_00044_0004724_PS1.dwg",Conversion to SVG,8.699,22136 Kb
